{"RPT":{"ScanTime":"1.638 sec.","ScanFile":"20201015_divine_e6f339427211a9a41882_20201015034246_scan.json","ScanCreated":"2020-10-15 03:42:50","ScanPath":"\/home\/demo2slweb\/public_html\/Divine\/wp-content\/backups-dup-pro\/tmp\/20201015_divine_e6f339427211a9a41882_20201015034246_scan.json"},"SRV":{"Brand":{"LogoAttachmentExists":false,"LogoCount":0,"LogoFinded":0,"LogoImageExists":true,"LogoImages":[],"Name":"Default","Notes":"The default content used when a brand is not defined"},"PHP":{"websrv":true,"openbase":true,"maxtime":true,"openssl":true,"mysqli":true,"allowurlfopen":false,"curlavailable":true,"version":true,"ALL":"Good"},"WP":{"version":true,"core":true,"ismu":false,"ismuplus":false,"ALL":"Good"}},"ARC":{"Size":"484.9MB","DirCount":"2,031","FileCount":"15,363","FullCount":"17,394","USize":508454804,"UDirCount":2031,"UFileCount":15363,"UFullCount":17394,"WarnFileCount":0,"WarnDirCount":0,"UnreadableDirCount":0,"UnreadableFileCount":0,"FilterDirsAll":["\/home\/demo2slweb\/public_html\/Divine\/wp-content\/ai1wm-backups","\/home\/demo2slweb\/public_html\/Divine\/wp-content\/backups-dup-pro","\/home\/demo2slweb\/public_html\/Divine\/wp-content\/backupwordpress","\/home\/demo2slweb\/public_html\/Divine\/wp-content\/cache","\/home\/demo2slweb\/public_html\/Divine\/wp-content\/content\/cache","\/home\/demo2slweb\/public_html\/Divine\/wp-content\/contents\/cache","\/home\/demo2slweb\/public_html\/Divine\/wp-content\/infinitewp\/backups","\/home\/demo2slweb\/public_html\/Divine\/wp-content\/managewp\/backups","\/home\/demo2slweb\/public_html\/Divine\/wp-content\/old-cache","\/home\/demo2slweb\/public_html\/Divine\/wp-content\/plugins\/all-in-one-wp-migration\/storage","\/home\/demo2slweb\/public_html\/Divine\/wp-content\/plugins\/really-simple-captcha\/tmp","\/home\/demo2slweb\/public_html\/Divine\/wp-content\/plugins\/wordfence\/tmp","\/home\/demo2slweb\/public_html\/Divine\/wp-content\/updraft","\/home\/demo2slweb\/public_html\/Divine\/wp-content\/uploads\/aiowps_backups","\/home\/demo2slweb\/public_html\/Divine\/wp-content\/uploads\/backup-guard","\/home\/demo2slweb\/public_html\/Divine\/wp-content\/uploads\/backupbuddy_backups","\/home\/demo2slweb\/public_html\/Divine\/wp-content\/uploads\/backupbuddy_temp","\/home\/demo2slweb\/public_html\/Divine\/wp-content\/uploads\/ithemes-security\/backups","\/home\/demo2slweb\/public_html\/Divine\/wp-content\/uploads\/mainwp\/backup","\/home\/demo2slweb\/public_html\/Divine\/wp-content\/uploads\/pb_backupbuddy","\/home\/demo2slweb\/public_html\/Divine\/wp-content\/uploads\/snapshots","\/home\/demo2slweb\/public_html\/Divine\/wp-content\/uploads\/sucuri","\/home\/demo2slweb\/public_html\/Divine\/wp-content\/uploads\/wp-clone","\/home\/demo2slweb\/public_html\/Divine\/wp-content\/uploads\/wp_all_backup","\/home\/demo2slweb\/public_html\/Divine\/wp-content\/uploads\/wpbackitup_backups","\/home\/demo2slweb\/public_html\/Divine\/wp-content\/wfcache","\/home\/demo2slweb\/public_html\/Divine\/wp-content\/wishlist-backup","\/home\/demo2slweb\/public_html\/Divine\/wp-snapshots"],"FilterFilesAll":[".DS_Store","\/home\/demo2slweb\/public_html\/Divine\/.htaccess","\/home\/demo2slweb\/public_html\/Divine\/wp-config.php","dbcache","debug_log","error.log","error_log","objectcache","pgcache","ws_ftp.log"],"FilterExtsAll":[],"FilterInfo":{"Dirs":{"Warning":[],"Unreadable":[],"AddonSites":[],"Core":["\/home\/demo2slweb\/public_html\/Divine\/wp-content\/backups-dup-pro"],"Global":["\/home\/demo2slweb\/public_html\/Divine\/wp-snapshots","\/home\/demo2slweb\/public_html\/Divine\/wp-content\/ai1wm-backups","\/home\/demo2slweb\/public_html\/Divine\/wp-content\/backupwordpress","\/home\/demo2slweb\/public_html\/Divine\/wp-content\/content\/cache","\/home\/demo2slweb\/public_html\/Divine\/wp-content\/contents\/cache","\/home\/demo2slweb\/public_html\/Divine\/wp-content\/infinitewp\/backups","\/home\/demo2slweb\/public_html\/Divine\/wp-content\/managewp\/backups","\/home\/demo2slweb\/public_html\/Divine\/wp-content\/old-cache","\/home\/demo2slweb\/public_html\/Divine\/wp-content\/plugins\/all-in-one-wp-migration\/storage","\/home\/demo2slweb\/public_html\/Divine\/wp-content\/updraft","\/home\/demo2slweb\/public_html\/Divine\/wp-content\/wishlist-backup","\/home\/demo2slweb\/public_html\/Divine\/wp-content\/wfcache","\/home\/demo2slweb\/public_html\/Divine\/wp-content\/plugins\/really-simple-captcha\/tmp","\/home\/demo2slweb\/public_html\/Divine\/wp-content\/plugins\/wordfence\/tmp","\/home\/demo2slweb\/public_html\/Divine\/wp-content\/cache","\/home\/demo2slweb\/public_html\/Divine\/wp-content\/uploads\/aiowps_backups","\/home\/demo2slweb\/public_html\/Divine\/wp-content\/uploads\/backupbuddy_temp","\/home\/demo2slweb\/public_html\/Divine\/wp-content\/uploads\/backupbuddy_backups","\/home\/demo2slweb\/public_html\/Divine\/wp-content\/uploads\/ithemes-security\/backups","\/home\/demo2slweb\/public_html\/Divine\/wp-content\/uploads\/mainwp\/backup","\/home\/demo2slweb\/public_html\/Divine\/wp-content\/uploads\/pb_backupbuddy","\/home\/demo2slweb\/public_html\/Divine\/wp-content\/uploads\/snapshots","\/home\/demo2slweb\/public_html\/Divine\/wp-content\/uploads\/sucuri","\/home\/demo2slweb\/public_html\/Divine\/wp-content\/uploads\/wp-clone","\/home\/demo2slweb\/public_html\/Divine\/wp-content\/uploads\/wp_all_backup","\/home\/demo2slweb\/public_html\/Divine\/wp-content\/uploads\/wpbackitup_backups","\/home\/demo2slweb\/public_html\/Divine\/wp-content\/uploads\/backup-guard"],"Instance":[]},"Files":{"Warning":[],"Unreadable":[],"Size":[{"ubytes":4358828,"bytes":"4.16MB","name":"duplicator-pro.zip","dir":"\/home\/demo2slweb\/public_html\/Divine\/wp-content\/upgrade\/duplicatorpro-3.8.2-2","path":"\/home\/demo2slweb\/public_html\/Divine\/wp-content\/upgrade\/duplicatorpro-3.8.2-2\/duplicator-pro.zip"},{"ubytes":4358828,"bytes":"4.16MB","name":"duplicator-pro.zip","dir":"\/home\/demo2slweb\/public_html\/Divine\/wp-content\/plugins","path":"\/home\/demo2slweb\/public_html\/Divine\/wp-content\/plugins\/duplicator-pro.zip"},{"ubytes":4359000,"bytes":"4.16MB","name":"duplicatorpro 3.8.2.zip","dir":"\/home\/demo2slweb\/public_html\/Divine\/wp-content\/plugins","path":"\/home\/demo2slweb\/public_html\/Divine\/wp-content\/plugins\/duplicatorpro 3.8.2.zip"},{"ubytes":4359000,"bytes":"4.16MB","name":"duplicatorpro-3.8.2.zip","dir":"\/home\/demo2slweb\/public_html\/Divine\/wp-content\/uploads\/2020\/10","path":"\/home\/demo2slweb\/public_html\/Divine\/wp-content\/uploads\/2020\/10\/duplicatorpro-3.8.2.zip"},{"ubytes":4359000,"bytes":"4.16MB","name":"duplicatorpro-3.8.2-2.zip","dir":"\/home\/demo2slweb\/public_html\/Divine\/wp-content\/uploads\/2020\/10","path":"\/home\/demo2slweb\/public_html\/Divine\/wp-content\/uploads\/2020\/10\/duplicatorpro-3.8.2-2.zip"},{"ubytes":4359000,"bytes":"4.16MB","name":"duplicatorpro-3.8.2-1.zip","dir":"\/home\/demo2slweb\/public_html\/Divine\/wp-content\/uploads\/2020\/10","path":"\/home\/demo2slweb\/public_html\/Divine\/wp-content\/uploads\/2020\/10\/duplicatorpro-3.8.2-1.zip"},{"ubytes":5449568,"bytes":"5.2MB","name":"woodmart.zip","dir":"\/home\/demo2slweb\/public_html\/Divine\/wp-content\/themes","path":"\/home\/demo2slweb\/public_html\/Divine\/wp-content\/themes\/woodmart.zip"}],"Core":[],"Global":["error_log","error.log","debug_log","ws_ftp.log","dbcache","pgcache","objectcache",".DS_Store","\/home\/demo2slweb\/public_html\/Divine\/.htaccess","\/home\/demo2slweb\/public_html\/Divine\/wp-config.php"],"Instance":[]},"Exts":{"Core":[],"Global":[],"Instance":[]},"TreeSize":{"text":"\/home\/demo2slweb\/public_html\/Divine","fullPath":"\/home\/demo2slweb\/public_html\/Divine","type":"folder","state":{"opened":true,"disabled":false,"selected":false,"checked":false,"checkbox_disabled":false},"children":[{"text":"wp-admin","fullPath":"\/home\/demo2slweb\/public_html\/Divine\/wp-admin","type":"folder","state":{"opened":false,"disabled":false,"selected":false,"checked":false,"checkbox_disabled":false},"children":true,"li_attr":{"class":" core-node"},"a_attr":{"title":"Core WordPress directories should not be filtered. Use caution when excluding files."}},{"text":"wp-content","fullPath":"\/home\/demo2slweb\/public_html\/Divine\/wp-content","type":"folder","state":{"opened":true,"disabled":false,"selected":false,"checked":false,"checkbox_disabled":false},"children":[{"text":"aiowps_backups","fullPath":"\/home\/demo2slweb\/public_html\/Divine\/wp-content\/aiowps_backups","type":"folder","state":{"opened":false,"disabled":false,"selected":false,"checked":false,"checkbox_disabled":false},"children":true,"li_attr":{"class":""},"a_attr":[]},{"text":"backups-dup-pro","fullPath":"\/home\/demo2slweb\/public_html\/Divine\/wp-content\/backups-dup-pro","type":"folder","state":{"opened":false,"disabled":false,"selected":false,"checked":false,"checkbox_disabled":true},"children":true,"li_attr":{"class":" filtered-node"},"a_attr":{"title":"This dir is filtered."}},{"text":"plugins","fullPath":"\/home\/demo2slweb\/public_html\/Divine\/wp-content\/plugins","type":"folder","state":{"opened":true,"disabled":false,"selected":false,"checked":false,"checkbox_disabled":false},"children":[{"text":"akismet","fullPath":"\/home\/demo2slweb\/public_html\/Divine\/wp-content\/plugins\/akismet","type":"folder","state":{"opened":false,"disabled":false,"selected":false,"checked":false,"checkbox_disabled":false},"children":true,"li_attr":{"class":""},"a_attr":[]},{"text":"all-in-one-wp-security-and-firewall","fullPath":"\/home\/demo2slweb\/public_html\/Divine\/wp-content\/plugins\/all-in-one-wp-security-and-firewall","type":"folder","state":{"opened":false,"disabled":false,"selected":false,"checked":false,"checkbox_disabled":false},"children":true,"li_attr":{"class":""},"a_attr":[]},{"text":"cardconnect-payment-module","fullPath":"\/home\/demo2slweb\/public_html\/Divine\/wp-content\/plugins\/cardconnect-payment-module","type":"folder","state":{"opened":false,"disabled":false,"selected":false,"checked":false,"checkbox_disabled":false},"children":true,"li_attr":{"class":""},"a_attr":[]},{"text":"contact-form-7","fullPath":"\/home\/demo2slweb\/public_html\/Divine\/wp-content\/plugins\/contact-form-7","type":"folder","state":{"opened":false,"disabled":false,"selected":false,"checked":false,"checkbox_disabled":false},"children":true,"li_attr":{"class":""},"a_attr":[]},{"text":"duplicator-pro","fullPath":"\/home\/demo2slweb\/public_html\/Divine\/wp-content\/plugins\/duplicator-pro","type":"folder","state":{"opened":false,"disabled":false,"selected":false,"checked":false,"checkbox_disabled":false},"children":true,"li_attr":{"class":""},"a_attr":[]},{"text":"elementor","fullPath":"\/home\/demo2slweb\/public_html\/Divine\/wp-content\/plugins\/elementor","type":"folder","state":{"opened":false,"disabled":false,"selected":false,"checked":false,"checkbox_disabled":false},"children":true,"li_attr":{"class":""},"a_attr":[]},{"text":"js_composer","fullPath":"\/home\/demo2slweb\/public_html\/Divine\/wp-content\/plugins\/js_composer","type":"folder","state":{"opened":false,"disabled":false,"selected":false,"checked":false,"checkbox_disabled":false},"children":true,"li_attr":{"class":""},"a_attr":[]},{"text":"mailchimp-for-wp","fullPath":"\/home\/demo2slweb\/public_html\/Divine\/wp-content\/plugins\/mailchimp-for-wp","type":"folder","state":{"opened":false,"disabled":false,"selected":false,"checked":false,"checkbox_disabled":false},"children":true,"li_attr":{"class":""},"a_attr":[]},{"text":"menu-image","fullPath":"\/home\/demo2slweb\/public_html\/Divine\/wp-content\/plugins\/menu-image","type":"folder","state":{"opened":false,"disabled":false,"selected":false,"checked":false,"checkbox_disabled":false},"children":true,"li_attr":{"class":""},"a_attr":[]},{"text":"order-delivery-date-for-woocommerce","fullPath":"\/home\/demo2slweb\/public_html\/Divine\/wp-content\/plugins\/order-delivery-date-for-woocommerce","type":"folder","state":{"opened":false,"disabled":false,"selected":false,"checked":false,"checkbox_disabled":false},"children":true,"li_attr":{"class":""},"a_attr":[]},{"text":"popup-anything-on-click","fullPath":"\/home\/demo2slweb\/public_html\/Divine\/wp-content\/plugins\/popup-anything-on-click","type":"folder","state":{"opened":false,"disabled":false,"selected":false,"checked":false,"checkbox_disabled":false},"children":true,"li_attr":{"class":""},"a_attr":[]},{"text":"popups","fullPath":"\/home\/demo2slweb\/public_html\/Divine\/wp-content\/plugins\/popups","type":"folder","state":{"opened":false,"disabled":false,"selected":false,"checked":false,"checkbox_disabled":false},"children":true,"li_attr":{"class":""},"a_attr":[]},{"text":"premium-addons-for-elementor","fullPath":"\/home\/demo2slweb\/public_html\/Divine\/wp-content\/plugins\/premium-addons-for-elementor","type":"folder","state":{"opened":false,"disabled":false,"selected":false,"checked":false,"checkbox_disabled":false},"children":true,"li_attr":{"class":""},"a_attr":[]},{"text":"revslider","fullPath":"\/home\/demo2slweb\/public_html\/Divine\/wp-content\/plugins\/revslider","type":"folder","state":{"opened":false,"disabled":false,"selected":false,"checked":false,"checkbox_disabled":false},"children":true,"li_attr":{"class":""},"a_attr":[]},{"text":"safe-svg","fullPath":"\/home\/demo2slweb\/public_html\/Divine\/wp-content\/plugins\/safe-svg","type":"folder","state":{"opened":false,"disabled":false,"selected":false,"checked":false,"checkbox_disabled":false},"children":true,"li_attr":{"class":""},"a_attr":[]},{"text":"whatshelp-chat-button","fullPath":"\/home\/demo2slweb\/public_html\/Divine\/wp-content\/plugins\/whatshelp-chat-button","type":"folder","state":{"opened":false,"disabled":false,"selected":false,"checked":false,"checkbox_disabled":false},"children":true,"li_attr":{"class":""},"a_attr":[]},{"text":"woocommerce","fullPath":"\/home\/demo2slweb\/public_html\/Divine\/wp-content\/plugins\/woocommerce","type":"folder","state":{"opened":false,"disabled":false,"selected":false,"checked":false,"checkbox_disabled":false},"children":true,"li_attr":{"class":""},"a_attr":[]},{"text":"woodmart-core","fullPath":"\/home\/demo2slweb\/public_html\/Divine\/wp-content\/plugins\/woodmart-core","type":"folder","state":{"opened":false,"disabled":false,"selected":false,"checked":false,"checkbox_disabled":false},"children":true,"li_attr":{"class":""},"a_attr":[]},{"text":"wp-datepicker","fullPath":"\/home\/demo2slweb\/public_html\/Divine\/wp-content\/plugins\/wp-datepicker","type":"folder","state":{"opened":false,"disabled":false,"selected":false,"checked":false,"checkbox_disabled":false},"children":true,"li_attr":{"class":""},"a_attr":[]},{"text":"wp-letsencrypt-ssl","fullPath":"\/home\/demo2slweb\/public_html\/Divine\/wp-content\/plugins\/wp-letsencrypt-ssl","type":"folder","state":{"opened":false,"disabled":false,"selected":false,"checked":false,"checkbox_disabled":false},"children":true,"li_attr":{"class":""},"a_attr":[]},{"text":"wp-members","fullPath":"\/home\/demo2slweb\/public_html\/Divine\/wp-content\/plugins\/wp-members","type":"folder","state":{"opened":false,"disabled":false,"selected":false,"checked":false,"checkbox_disabled":false},"children":true,"li_attr":{"class":""},"a_attr":[]},{"text":"duplicator-pro.zip <b style=\"color: black;\">[4.16MB]<\/b>","fullPath":"\/home\/demo2slweb\/public_html\/Divine\/wp-content\/plugins\/duplicator-pro.zip","type":"file","state":{"opened":false,"disabled":false,"selected":false,"checked":false,"checkbox_disabled":false},"children":null,"li_attr":{"class":" warning-node"},"a_attr":[]},{"text":"duplicatorpro 3.8.2.zip <b style=\"color: black;\">[4.16MB]<\/b>","fullPath":"\/home\/demo2slweb\/public_html\/Divine\/wp-content\/plugins\/duplicatorpro 3.8.2.zip","type":"file","state":{"opened":false,"disabled":false,"selected":false,"checked":false,"checkbox_disabled":false},"children":null,"li_attr":{"class":" warning-node"},"a_attr":[]},{"text":"hello.php","fullPath":"\/home\/demo2slweb\/public_html\/Divine\/wp-content\/plugins\/hello.php","type":"file","state":{"opened":false,"disabled":false,"selected":false,"checked":false,"checkbox_disabled":false},"children":null,"li_attr":{"class":""},"a_attr":[]},{"text":"index.php","fullPath":"\/home\/demo2slweb\/public_html\/Divine\/wp-content\/plugins\/index.php","type":"file","state":{"opened":false,"disabled":false,"selected":false,"checked":false,"checkbox_disabled":false},"children":null,"li_attr":{"class":""},"a_attr":[]}],"li_attr":{"class":" core-node"},"a_attr":{"title":"Core WordPress directories should not be filtered. Use caution when excluding files."}},{"text":"themes","fullPath":"\/home\/demo2slweb\/public_html\/Divine\/wp-content\/themes","type":"folder","state":{"opened":true,"disabled":false,"selected":false,"checked":false,"checkbox_disabled":false},"children":[{"text":"twentynineteen","fullPath":"\/home\/demo2slweb\/public_html\/Divine\/wp-content\/themes\/twentynineteen","type":"folder","state":{"opened":false,"disabled":false,"selected":false,"checked":false,"checkbox_disabled":false},"children":true,"li_attr":{"class":""},"a_attr":[]},{"text":"twentyseventeen","fullPath":"\/home\/demo2slweb\/public_html\/Divine\/wp-content\/themes\/twentyseventeen","type":"folder","state":{"opened":false,"disabled":false,"selected":false,"checked":false,"checkbox_disabled":false},"children":true,"li_attr":{"class":""},"a_attr":[]},{"text":"twentytwenty","fullPath":"\/home\/demo2slweb\/public_html\/Divine\/wp-content\/themes\/twentytwenty","type":"folder","state":{"opened":false,"disabled":false,"selected":false,"checked":false,"checkbox_disabled":false},"children":true,"li_attr":{"class":""},"a_attr":[]},{"text":"woodmart","fullPath":"\/home\/demo2slweb\/public_html\/Divine\/wp-content\/themes\/woodmart","type":"folder","state":{"opened":false,"disabled":false,"selected":false,"checked":false,"checkbox_disabled":false},"children":true,"li_attr":{"class":""},"a_attr":[]},{"text":"woodmart-child","fullPath":"\/home\/demo2slweb\/public_html\/Divine\/wp-content\/themes\/woodmart-child","type":"folder","state":{"opened":false,"disabled":false,"selected":false,"checked":false,"checkbox_disabled":false},"children":true,"li_attr":{"class":""},"a_attr":[]},{"text":"woodmart.zip <b style=\"color: black;\">[5.2MB]<\/b>","fullPath":"\/home\/demo2slweb\/public_html\/Divine\/wp-content\/themes\/woodmart.zip","type":"file","state":{"opened":false,"disabled":false,"selected":false,"checked":false,"checkbox_disabled":false},"children":null,"li_attr":{"class":" warning-node"},"a_attr":[]},{"text":"index.php","fullPath":"\/home\/demo2slweb\/public_html\/Divine\/wp-content\/themes\/index.php","type":"file","state":{"opened":false,"disabled":false,"selected":false,"checked":false,"checkbox_disabled":false},"children":null,"li_attr":{"class":""},"a_attr":[]},{"text":"woodmart-child.zip","fullPath":"\/home\/demo2slweb\/public_html\/Divine\/wp-content\/themes\/woodmart-child.zip","type":"file","state":{"opened":false,"disabled":false,"selected":false,"checked":false,"checkbox_disabled":false},"children":null,"li_attr":{"class":""},"a_attr":[]}],"li_attr":{"class":" core-node"},"a_attr":{"title":"Core WordPress directories should not be filtered. Use caution when excluding files."}},{"text":"upgrade","fullPath":"\/home\/demo2slweb\/public_html\/Divine\/wp-content\/upgrade","type":"folder","state":{"opened":true,"disabled":false,"selected":false,"checked":false,"checkbox_disabled":false},"children":[{"text":"duplicatorpro-3.8.2-2","fullPath":"\/home\/demo2slweb\/public_html\/Divine\/wp-content\/upgrade\/duplicatorpro-3.8.2-2","type":"folder","state":{"opened":true,"disabled":false,"selected":false,"checked":false,"checkbox_disabled":false},"children":[{"text":"duplicator-pro.zip <b style=\"color: black;\">[4.16MB]<\/b>","fullPath":"\/home\/demo2slweb\/public_html\/Divine\/wp-content\/upgrade\/duplicatorpro-3.8.2-2\/duplicator-pro.zip","type":"file","state":{"opened":false,"disabled":false,"selected":false,"checked":false,"checkbox_disabled":false},"children":null,"li_attr":{"class":" warning-node"},"a_attr":[]}],"li_attr":{"class":""},"a_attr":[]}],"li_attr":{"class":""},"a_attr":[]},{"text":"uploads","fullPath":"\/home\/demo2slweb\/public_html\/Divine\/wp-content\/uploads","type":"folder","state":{"opened":true,"disabled":false,"selected":false,"checked":false,"checkbox_disabled":false},"children":[{"text":"2017","fullPath":"\/home\/demo2slweb\/public_html\/Divine\/wp-content\/uploads\/2017","type":"folder","state":{"opened":false,"disabled":false,"selected":false,"checked":false,"checkbox_disabled":false},"children":true,"li_attr":{"class":""},"a_attr":[]},{"text":"2018","fullPath":"\/home\/demo2slweb\/public_html\/Divine\/wp-content\/uploads\/2018","type":"folder","state":{"opened":false,"disabled":false,"selected":false,"checked":false,"checkbox_disabled":false},"children":true,"li_attr":{"class":""},"a_attr":[]},{"text":"2019","fullPath":"\/home\/demo2slweb\/public_html\/Divine\/wp-content\/uploads\/2019","type":"folder","state":{"opened":false,"disabled":false,"selected":false,"checked":false,"checkbox_disabled":false},"children":true,"li_attr":{"class":""},"a_attr":[]},{"text":"2020","fullPath":"\/home\/demo2slweb\/public_html\/Divine\/wp-content\/uploads\/2020","type":"folder","state":{"opened":true,"disabled":false,"selected":false,"checked":false,"checkbox_disabled":false},"children":[{"text":"01","fullPath":"\/home\/demo2slweb\/public_html\/Divine\/wp-content\/uploads\/2020\/01","type":"folder","state":{"opened":false,"disabled":false,"selected":false,"checked":false,"checkbox_disabled":false},"children":true,"li_attr":{"class":""},"a_attr":[]},{"text":"02","fullPath":"\/home\/demo2slweb\/public_html\/Divine\/wp-content\/uploads\/2020\/02","type":"folder","state":{"opened":false,"disabled":false,"selected":false,"checked":false,"checkbox_disabled":false},"children":true,"li_attr":{"class":""},"a_attr":[]},{"text":"04","fullPath":"\/home\/demo2slweb\/public_html\/Divine\/wp-content\/uploads\/2020\/04","type":"folder","state":{"opened":false,"disabled":false,"selected":false,"checked":false,"checkbox_disabled":false},"children":true,"li_attr":{"class":""},"a_attr":[]},{"text":"07","fullPath":"\/home\/demo2slweb\/public_html\/Divine\/wp-content\/uploads\/2020\/07","type":"folder","state":{"opened":false,"disabled":false,"selected":false,"checked":false,"checkbox_disabled":false},"children":true,"li_attr":{"class":""},"a_attr":[]},{"text":"08","fullPath":"\/home\/demo2slweb\/public_html\/Divine\/wp-content\/uploads\/2020\/08","type":"folder","state":{"opened":false,"disabled":false,"selected":false,"checked":false,"checkbox_disabled":false},"children":true,"li_attr":{"class":""},"a_attr":[]},{"text":"09","fullPath":"\/home\/demo2slweb\/public_html\/Divine\/wp-content\/uploads\/2020\/09","type":"folder","state":{"opened":false,"disabled":false,"selected":false,"checked":false,"checkbox_disabled":false},"children":true,"li_attr":{"class":""},"a_attr":[]},{"text":"10","fullPath":"\/home\/demo2slweb\/public_html\/Divine\/wp-content\/uploads\/2020\/10","type":"folder","state":{"opened":true,"disabled":false,"selected":false,"checked":false,"checkbox_disabled":false},"children":[{"text":"duplicatorpro-3.8.2-1.zip <b style=\"color: black;\">[4.16MB]<\/b>","fullPath":"\/home\/demo2slweb\/public_html\/Divine\/wp-content\/uploads\/2020\/10\/duplicatorpro-3.8.2-1.zip","type":"file","state":{"opened":false,"disabled":false,"selected":false,"checked":false,"checkbox_disabled":false},"children":null,"li_attr":{"class":" warning-node"},"a_attr":[]},{"text":"duplicatorpro-3.8.2-2.zip <b style=\"color: black;\">[4.16MB]<\/b>","fullPath":"\/home\/demo2slweb\/public_html\/Divine\/wp-content\/uploads\/2020\/10\/duplicatorpro-3.8.2-2.zip","type":"file","state":{"opened":false,"disabled":false,"selected":false,"checked":false,"checkbox_disabled":false},"children":null,"li_attr":{"class":" warning-node"},"a_attr":[]},{"text":"duplicatorpro-3.8.2.zip <b style=\"color: black;\">[4.16MB]<\/b>","fullPath":"\/home\/demo2slweb\/public_html\/Divine\/wp-content\/uploads\/2020\/10\/duplicatorpro-3.8.2.zip","type":"file","state":{"opened":false,"disabled":false,"selected":false,"checked":false,"checkbox_disabled":false},"children":null,"li_attr":{"class":" warning-node"},"a_attr":[]},{"text":"1-100x100.png","fullPath":"\/home\/demo2slweb\/public_html\/Divine\/wp-content\/uploads\/2020\/10\/1-100x100.png","type":"file","state":{"opened":false,"disabled":false,"selected":false,"checked":false,"checkbox_disabled":false},"children":null,"li_attr":{"class":""},"a_attr":[]},{"text":"1-10x13.png","fullPath":"\/home\/demo2slweb\/public_html\/Divine\/wp-content\/uploads\/2020\/10\/1-10x13.png","type":"file","state":{"opened":false,"disabled":false,"selected":false,"checked":false,"checkbox_disabled":false},"children":null,"li_attr":{"class":""},"a_attr":[]},{"text":"1-150x150.png","fullPath":"\/home\/demo2slweb\/public_html\/Divine\/wp-content\/uploads\/2020\/10\/1-150x150.png","type":"file","state":{"opened":false,"disabled":false,"selected":false,"checked":false,"checkbox_disabled":false},"children":null,"li_attr":{"class":""},"a_attr":[]},{"text":"1-276x355.png","fullPath":"\/home\/demo2slweb\/public_html\/Divine\/wp-content\/uploads\/2020\/10\/1-276x355.png","type":"file","state":{"opened":false,"disabled":false,"selected":false,"checked":false,"checkbox_disabled":false},"children":null,"li_attr":{"class":""},"a_attr":[]},{"text":"1-300x300.png","fullPath":"\/home\/demo2slweb\/public_html\/Divine\/wp-content\/uploads\/2020\/10\/1-300x300.png","type":"file","state":{"opened":false,"disabled":false,"selected":false,"checked":false,"checkbox_disabled":false},"children":null,"li_attr":{"class":""},"a_attr":[]},{"text":"1.1-100x100.png","fullPath":"\/home\/demo2slweb\/public_html\/Divine\/wp-content\/uploads\/2020\/10\/1.1-100x100.png","type":"file","state":{"opened":false,"disabled":false,"selected":false,"checked":false,"checkbox_disabled":false},"children":null,"li_attr":{"class":""},"a_attr":[]},{"text":"1.1-150x150.png","fullPath":"\/home\/demo2slweb\/public_html\/Divine\/wp-content\/uploads\/2020\/10\/1.1-150x150.png","type":"file","state":{"opened":false,"disabled":false,"selected":false,"checked":false,"checkbox_disabled":false},"children":null,"li_attr":{"class":""},"a_attr":[]},{"text":"1.1-300x300.png","fullPath":"\/home\/demo2slweb\/public_html\/Divine\/wp-content\/uploads\/2020\/10\/1.1-300x300.png","type":"file","state":{"opened":false,"disabled":false,"selected":false,"checked":false,"checkbox_disabled":false},"children":null,"li_attr":{"class":""},"a_attr":[]},{"text":"1.1.png","fullPath":"\/home\/demo2slweb\/public_html\/Divine\/wp-content\/uploads\/2020\/10\/1.1.png","type":"file","state":{"opened":false,"disabled":false,"selected":false,"checked":false,"checkbox_disabled":false},"children":null,"li_attr":{"class":""},"a_attr":[]},{"text":"1.2-100x100.png","fullPath":"\/home\/demo2slweb\/public_html\/Divine\/wp-content\/uploads\/2020\/10\/1.2-100x100.png","type":"file","state":{"opened":false,"disabled":false,"selected":false,"checked":false,"checkbox_disabled":false},"children":null,"li_attr":{"class":""},"a_attr":[]},{"text":"1.2-10x13.png","fullPath":"\/home\/demo2slweb\/public_html\/Divine\/wp-content\/uploads\/2020\/10\/1.2-10x13.png","type":"file","state":{"opened":false,"disabled":false,"selected":false,"checked":false,"checkbox_disabled":false},"children":null,"li_attr":{"class":""},"a_attr":[]},{"text":"1.2-150x150.png","fullPath":"\/home\/demo2slweb\/public_html\/Divine\/wp-content\/uploads\/2020\/10\/1.2-150x150.png","type":"file","state":{"opened":false,"disabled":false,"selected":false,"checked":false,"checkbox_disabled":false},"children":null,"li_attr":{"class":""},"a_attr":[]},{"text":"1.2-276x355.png","fullPath":"\/home\/demo2slweb\/public_html\/Divine\/wp-content\/uploads\/2020\/10\/1.2-276x355.png","type":"file","state":{"opened":false,"disabled":false,"selected":false,"checked":false,"checkbox_disabled":false},"children":null,"li_attr":{"class":""},"a_attr":[]},{"text":"1.2-300x300.png","fullPath":"\/home\/demo2slweb\/public_html\/Divine\/wp-content\/uploads\/2020\/10\/1.2-300x300.png","type":"file","state":{"opened":false,"disabled":false,"selected":false,"checked":false,"checkbox_disabled":false},"children":null,"li_attr":{"class":""},"a_attr":[]},{"text":"1.2.png","fullPath":"\/home\/demo2slweb\/public_html\/Divine\/wp-content\/uploads\/2020\/10\/1.2.png","type":"file","state":{"opened":false,"disabled":false,"selected":false,"checked":false,"checkbox_disabled":false},"children":null,"li_attr":{"class":""},"a_attr":[]},{"text":"1.png","fullPath":"\/home\/demo2slweb\/public_html\/Divine\/wp-content\/uploads\/2020\/10\/1.png","type":"file","state":{"opened":false,"disabled":false,"selected":false,"checked":false,"checkbox_disabled":false},"children":null,"li_attr":{"class":""},"a_attr":[]},{"text":"12-100x100.jpg","fullPath":"\/home\/demo2slweb\/public_html\/Divine\/wp-content\/uploads\/2020\/10\/12-100x100.jpg","type":"file","state":{"opened":false,"disabled":false,"selected":false,"checked":false,"checkbox_disabled":false},"children":null,"li_attr":{"class":""},"a_attr":[]},{"text":"12-1024x320.jpg","fullPath":"\/home\/demo2slweb\/public_html\/Divine\/wp-content\/uploads\/2020\/10\/12-1024x320.jpg","type":"file","state":{"opened":false,"disabled":false,"selected":false,"checked":false,"checkbox_disabled":false},"children":null,"li_attr":{"class":""},"a_attr":[]},{"text":"12-150x150.jpg","fullPath":"\/home\/demo2slweb\/public_html\/Divine\/wp-content\/uploads\/2020\/10\/12-150x150.jpg","type":"file","state":{"opened":false,"disabled":false,"selected":false,"checked":false,"checkbox_disabled":false},"children":null,"li_attr":{"class":""},"a_attr":[]},{"text":"12-1536x480.jpg","fullPath":"\/home\/demo2slweb\/public_html\/Divine\/wp-content\/uploads\/2020\/10\/12-1536x480.jpg","type":"file","state":{"opened":false,"disabled":false,"selected":false,"checked":false,"checkbox_disabled":false},"children":null,"li_attr":{"class":""},"a_attr":[]},{"text":"12-300x300.jpg","fullPath":"\/home\/demo2slweb\/public_html\/Divine\/wp-content\/uploads\/2020\/10\/12-300x300.jpg","type":"file","state":{"opened":false,"disabled":false,"selected":false,"checked":false,"checkbox_disabled":false},"children":null,"li_attr":{"class":""},"a_attr":[]},{"text":"12-300x94.jpg","fullPath":"\/home\/demo2slweb\/public_html\/Divine\/wp-content\/uploads\/2020\/10\/12-300x94.jpg","type":"file","state":{"opened":false,"disabled":false,"selected":false,"checked":false,"checkbox_disabled":false},"children":null,"li_attr":{"class":""},"a_attr":[]},{"text":"12-600x188.jpg","fullPath":"\/home\/demo2slweb\/public_html\/Divine\/wp-content\/uploads\/2020\/10\/12-600x188.jpg","type":"file","state":{"opened":false,"disabled":false,"selected":false,"checked":false,"checkbox_disabled":false},"children":null,"li_attr":{"class":""},"a_attr":[]},{"text":"12-600x600.jpg","fullPath":"\/home\/demo2slweb\/public_html\/Divine\/wp-content\/uploads\/2020\/10\/12-600x600.jpg","type":"file","state":{"opened":false,"disabled":false,"selected":false,"checked":false,"checkbox_disabled":false},"children":null,"li_attr":{"class":""},"a_attr":[]},{"text":"12-768x240.jpg","fullPath":"\/home\/demo2slweb\/public_html\/Divine\/wp-content\/uploads\/2020\/10\/12-768x240.jpg","type":"file","state":{"opened":false,"disabled":false,"selected":false,"checked":false,"checkbox_disabled":false},"children":null,"li_attr":{"class":""},"a_attr":[]},{"text":"12.jpg","fullPath":"\/home\/demo2slweb\/public_html\/Divine\/wp-content\/uploads\/2020\/10\/12.jpg","type":"file","state":{"opened":false,"disabled":false,"selected":false,"checked":false,"checkbox_disabled":false},"children":null,"li_attr":{"class":""},"a_attr":[]},{"text":"13-100x100.jpg","fullPath":"\/home\/demo2slweb\/public_html\/Divine\/wp-content\/uploads\/2020\/10\/13-100x100.jpg","type":"file","state":{"opened":false,"disabled":false,"selected":false,"checked":false,"checkbox_disabled":false},"children":null,"li_attr":{"class":""},"a_attr":[]},{"text":"13-1024x320.jpg","fullPath":"\/home\/demo2slweb\/public_html\/Divine\/wp-content\/uploads\/2020\/10\/13-1024x320.jpg","type":"file","state":{"opened":false,"disabled":false,"selected":false,"checked":false,"checkbox_disabled":false},"children":null,"li_attr":{"class":""},"a_attr":[]},{"text":"13-150x150.jpg","fullPath":"\/home\/demo2slweb\/public_html\/Divine\/wp-content\/uploads\/2020\/10\/13-150x150.jpg","type":"file","state":{"opened":false,"disabled":false,"selected":false,"checked":false,"checkbox_disabled":false},"children":null,"li_attr":{"class":""},"a_attr":[]},{"text":"13-1536x480.jpg","fullPath":"\/home\/demo2slweb\/public_html\/Divine\/wp-content\/uploads\/2020\/10\/13-1536x480.jpg","type":"file","state":{"opened":false,"disabled":false,"selected":false,"checked":false,"checkbox_disabled":false},"children":null,"li_attr":{"class":""},"a_attr":[]},{"text":"13-300x300.jpg","fullPath":"\/home\/demo2slweb\/public_html\/Divine\/wp-content\/uploads\/2020\/10\/13-300x300.jpg","type":"file","state":{"opened":false,"disabled":false,"selected":false,"checked":false,"checkbox_disabled":false},"children":null,"li_attr":{"class":""},"a_attr":[]},{"text":"13-300x94.jpg","fullPath":"\/home\/demo2slweb\/public_html\/Divine\/wp-content\/uploads\/2020\/10\/13-300x94.jpg","type":"file","state":{"opened":false,"disabled":false,"selected":false,"checked":false,"checkbox_disabled":false},"children":null,"li_attr":{"class":""},"a_attr":[]},{"text":"13-600x188.jpg","fullPath":"\/home\/demo2slweb\/public_html\/Divine\/wp-content\/uploads\/2020\/10\/13-600x188.jpg","type":"file","state":{"opened":false,"disabled":false,"selected":false,"checked":false,"checkbox_disabled":false},"children":null,"li_attr":{"class":""},"a_attr":[]},{"text":"13-600x600.jpg","fullPath":"\/home\/demo2slweb\/public_html\/Divine\/wp-content\/uploads\/2020\/10\/13-600x600.jpg","type":"file","state":{"opened":false,"disabled":false,"selected":false,"checked":false,"checkbox_disabled":false},"children":null,"li_attr":{"class":""},"a_attr":[]},{"text":"13-768x240.jpg","fullPath":"\/home\/demo2slweb\/public_html\/Divine\/wp-content\/uploads\/2020\/10\/13-768x240.jpg","type":"file","state":{"opened":false,"disabled":false,"selected":false,"checked":false,"checkbox_disabled":false},"children":null,"li_attr":{"class":""},"a_attr":[]},{"text":"13.jpg","fullPath":"\/home\/demo2slweb\/public_html\/Divine\/wp-content\/uploads\/2020\/10\/13.jpg","type":"file","state":{"opened":false,"disabled":false,"selected":false,"checked":false,"checkbox_disabled":false},"children":null,"li_attr":{"class":""},"a_attr":[]},{"text":"14-100x100.jpg","fullPath":"\/home\/demo2slweb\/public_html\/Divine\/wp-content\/uploads\/2020\/10\/14-100x100.jpg","type":"file","state":{"opened":false,"disabled":false,"selected":false,"checked":false,"checkbox_disabled":false},"children":null,"li_attr":{"class":""},"a_attr":[]},{"text":"14-1024x320.jpg","fullPath":"\/home\/demo2slweb\/public_html\/Divine\/wp-content\/uploads\/2020\/10\/14-1024x320.jpg","type":"file","state":{"opened":false,"disabled":false,"selected":false,"checked":false,"checkbox_disabled":false},"children":null,"li_attr":{"class":""},"a_attr":[]},{"text":"14-150x150.jpg","fullPath":"\/home\/demo2slweb\/public_html\/Divine\/wp-content\/uploads\/2020\/10\/14-150x150.jpg","type":"file","state":{"opened":false,"disabled":false,"selected":false,"checked":false,"checkbox_disabled":false},"children":null,"li_attr":{"class":""},"a_attr":[]},{"text":"14-1536x480.jpg","fullPath":"\/home\/demo2slweb\/public_html\/Divine\/wp-content\/uploads\/2020\/10\/14-1536x480.jpg","type":"file","state":{"opened":false,"disabled":false,"selected":false,"checked":false,"checkbox_disabled":false},"children":null,"li_attr":{"class":""},"a_attr":[]},{"text":"14-300x300.jpg","fullPath":"\/home\/demo2slweb\/public_html\/Divine\/wp-content\/uploads\/2020\/10\/14-300x300.jpg","type":"file","state":{"opened":false,"disabled":false,"selected":false,"checked":false,"checkbox_disabled":false},"children":null,"li_attr":{"class":""},"a_attr":[]},{"text":"14-300x94.jpg","fullPath":"\/home\/demo2slweb\/public_html\/Divine\/wp-content\/uploads\/2020\/10\/14-300x94.jpg","type":"file","state":{"opened":false,"disabled":false,"selected":false,"checked":false,"checkbox_disabled":false},"children":null,"li_attr":{"class":""},"a_attr":[]},{"text":"14-600x188.jpg","fullPath":"\/home\/demo2slweb\/public_html\/Divine\/wp-content\/uploads\/2020\/10\/14-600x188.jpg","type":"file","state":{"opened":false,"disabled":false,"selected":false,"checked":false,"checkbox_disabled":false},"children":null,"li_attr":{"class":""},"a_attr":[]},{"text":"14-600x600.jpg","fullPath":"\/home\/demo2slweb\/public_html\/Divine\/wp-content\/uploads\/2020\/10\/14-600x600.jpg","type":"file","state":{"opened":false,"disabled":false,"selected":false,"checked":false,"checkbox_disabled":false},"children":null,"li_attr":{"class":""},"a_attr":[]},{"text":"14-768x240.jpg","fullPath":"\/home\/demo2slweb\/public_html\/Divine\/wp-content\/uploads\/2020\/10\/14-768x240.jpg","type":"file","state":{"opened":false,"disabled":false,"selected":false,"checked":false,"checkbox_disabled":false},"children":null,"li_attr":{"class":""},"a_attr":[]},{"text":"14.jpg","fullPath":"\/home\/demo2slweb\/public_html\/Divine\/wp-content\/uploads\/2020\/10\/14.jpg","type":"file","state":{"opened":false,"disabled":false,"selected":false,"checked":false,"checkbox_disabled":false},"children":null,"li_attr":{"class":""},"a_attr":[]},{"text":"16-100x100.jpg","fullPath":"\/home\/demo2slweb\/public_html\/Divine\/wp-content\/uploads\/2020\/10\/16-100x100.jpg","type":"file","state":{"opened":false,"disabled":false,"selected":false,"checked":false,"checkbox_disabled":false},"children":null,"li_attr":{"class":""},"a_attr":[]},{"text":"16-1024x320.jpg","fullPath":"\/home\/demo2slweb\/public_html\/Divine\/wp-content\/uploads\/2020\/10\/16-1024x320.jpg","type":"file","state":{"opened":false,"disabled":false,"selected":false,"checked":false,"checkbox_disabled":false},"children":null,"li_attr":{"class":""},"a_attr":[]},{"text":"16-150x150.jpg","fullPath":"\/home\/demo2slweb\/public_html\/Divine\/wp-content\/uploads\/2020\/10\/16-150x150.jpg","type":"file","state":{"opened":false,"disabled":false,"selected":false,"checked":false,"checkbox_disabled":false},"children":null,"li_attr":{"class":""},"a_attr":[]},{"text":"16-1536x480.jpg","fullPath":"\/home\/demo2slweb\/public_html\/Divine\/wp-content\/uploads\/2020\/10\/16-1536x480.jpg","type":"file","state":{"opened":false,"disabled":false,"selected":false,"checked":false,"checkbox_disabled":false},"children":null,"li_attr":{"class":""},"a_attr":[]},{"text":"16-300x300.jpg","fullPath":"\/home\/demo2slweb\/public_html\/Divine\/wp-content\/uploads\/2020\/10\/16-300x300.jpg","type":"file","state":{"opened":false,"disabled":false,"selected":false,"checked":false,"checkbox_disabled":false},"children":null,"li_attr":{"class":""},"a_attr":[]},{"text":"16-300x94.jpg","fullPath":"\/home\/demo2slweb\/public_html\/Divine\/wp-content\/uploads\/2020\/10\/16-300x94.jpg","type":"file","state":{"opened":false,"disabled":false,"selected":false,"checked":false,"checkbox_disabled":false},"children":null,"li_attr":{"class":""},"a_attr":[]},{"text":"16-600x188.jpg","fullPath":"\/home\/demo2slweb\/public_html\/Divine\/wp-content\/uploads\/2020\/10\/16-600x188.jpg","type":"file","state":{"opened":false,"disabled":false,"selected":false,"checked":false,"checkbox_disabled":false},"children":null,"li_attr":{"class":""},"a_attr":[]},{"text":"16-600x600.jpg","fullPath":"\/home\/demo2slweb\/public_html\/Divine\/wp-content\/uploads\/2020\/10\/16-600x600.jpg","type":"file","state":{"opened":false,"disabled":false,"selected":false,"checked":false,"checkbox_disabled":false},"children":null,"li_attr":{"class":""},"a_attr":[]},{"text":"16-768x240.jpg","fullPath":"\/home\/demo2slweb\/public_html\/Divine\/wp-content\/uploads\/2020\/10\/16-768x240.jpg","type":"file","state":{"opened":false,"disabled":false,"selected":false,"checked":false,"checkbox_disabled":false},"children":null,"li_attr":{"class":""},"a_attr":[]},{"text":"16.jpg","fullPath":"\/home\/demo2slweb\/public_html\/Divine\/wp-content\/uploads\/2020\/10\/16.jpg","type":"file","state":{"opened":false,"disabled":false,"selected":false,"checked":false,"checkbox_disabled":false},"children":null,"li_attr":{"class":""},"a_attr":[]},{"text":"19-100x100.jpg","fullPath":"\/home\/demo2slweb\/public_html\/Divine\/wp-content\/uploads\/2020\/10\/19-100x100.jpg","type":"file","state":{"opened":false,"disabled":false,"selected":false,"checked":false,"checkbox_disabled":false},"children":null,"li_attr":{"class":""},"a_attr":[]},{"text":"19-1024x320.jpg","fullPath":"\/home\/demo2slweb\/public_html\/Divine\/wp-content\/uploads\/2020\/10\/19-1024x320.jpg","type":"file","state":{"opened":false,"disabled":false,"selected":false,"checked":false,"checkbox_disabled":false},"children":null,"li_attr":{"class":""},"a_attr":[]},{"text":"19-150x150.jpg","fullPath":"\/home\/demo2slweb\/public_html\/Divine\/wp-content\/uploads\/2020\/10\/19-150x150.jpg","type":"file","state":{"opened":false,"disabled":false,"selected":false,"checked":false,"checkbox_disabled":false},"children":null,"li_attr":{"class":""},"a_attr":[]},{"text":"19-1536x480.jpg","fullPath":"\/home\/demo2slweb\/public_html\/Divine\/wp-content\/uploads\/2020\/10\/19-1536x480.jpg","type":"file","state":{"opened":false,"disabled":false,"selected":false,"checked":false,"checkbox_disabled":false},"children":null,"li_attr":{"class":""},"a_attr":[]},{"text":"19-300x300.jpg","fullPath":"\/home\/demo2slweb\/public_html\/Divine\/wp-content\/uploads\/2020\/10\/19-300x300.jpg","type":"file","state":{"opened":false,"disabled":false,"selected":false,"checked":false,"checkbox_disabled":false},"children":null,"li_attr":{"class":""},"a_attr":[]},{"text":"19-300x94.jpg","fullPath":"\/home\/demo2slweb\/public_html\/Divine\/wp-content\/uploads\/2020\/10\/19-300x94.jpg","type":"file","state":{"opened":false,"disabled":false,"selected":false,"checked":false,"checkbox_disabled":false},"children":null,"li_attr":{"class":""},"a_attr":[]},{"text":"19-600x188.jpg","fullPath":"\/home\/demo2slweb\/public_html\/Divine\/wp-content\/uploads\/2020\/10\/19-600x188.jpg","type":"file","state":{"opened":false,"disabled":false,"selected":false,"checked":false,"checkbox_disabled":false},"children":null,"li_attr":{"class":""},"a_attr":[]},{"text":"19-600x600.jpg","fullPath":"\/home\/demo2slweb\/public_html\/Divine\/wp-content\/uploads\/2020\/10\/19-600x600.jpg","type":"file","state":{"opened":false,"disabled":false,"selected":false,"checked":false,"checkbox_disabled":false},"children":null,"li_attr":{"class":""},"a_attr":[]},{"text":"19-768x240.jpg","fullPath":"\/home\/demo2slweb\/public_html\/Divine\/wp-content\/uploads\/2020\/10\/19-768x240.jpg","type":"file","state":{"opened":false,"disabled":false,"selected":false,"checked":false,"checkbox_disabled":false},"children":null,"li_attr":{"class":""},"a_attr":[]},{"text":"19.jpg","fullPath":"\/home\/demo2slweb\/public_html\/Divine\/wp-content\/uploads\/2020\/10\/19.jpg","type":"file","state":{"opened":false,"disabled":false,"selected":false,"checked":false,"checkbox_disabled":false},"children":null,"li_attr":{"class":""},"a_attr":[]},{"text":"2-100x100.png","fullPath":"\/home\/demo2slweb\/public_html\/Divine\/wp-content\/uploads\/2020\/10\/2-100x100.png","type":"file","state":{"opened":false,"disabled":false,"selected":false,"checked":false,"checkbox_disabled":false},"children":null,"li_attr":{"class":""},"a_attr":[]},{"text":"2-10x13.png","fullPath":"\/home\/demo2slweb\/public_html\/Divine\/wp-content\/uploads\/2020\/10\/2-10x13.png","type":"file","state":{"opened":false,"disabled":false,"selected":false,"checked":false,"checkbox_disabled":false},"children":null,"li_attr":{"class":""},"a_attr":[]},{"text":"2-150x150.png","fullPath":"\/home\/demo2slweb\/public_html\/Divine\/wp-content\/uploads\/2020\/10\/2-150x150.png","type":"file","state":{"opened":false,"disabled":false,"selected":false,"checked":false,"checkbox_disabled":false},"children":null,"li_attr":{"class":""},"a_attr":[]},{"text":"2-276x355.png","fullPath":"\/home\/demo2slweb\/public_html\/Divine\/wp-content\/uploads\/2020\/10\/2-276x355.png","type":"file","state":{"opened":false,"disabled":false,"selected":false,"checked":false,"checkbox_disabled":false},"children":null,"li_attr":{"class":""},"a_attr":[]},{"text":"2-300x300.png","fullPath":"\/home\/demo2slweb\/public_html\/Divine\/wp-content\/uploads\/2020\/10\/2-300x300.png","type":"file","state":{"opened":false,"disabled":false,"selected":false,"checked":false,"checkbox_disabled":false},"children":null,"li_attr":{"class":""},"a_attr":[]},{"text":"2.png","fullPath":"\/home\/demo2slweb\/public_html\/Divine\/wp-content\/uploads\/2020\/10\/2.png","type":"file","state":{"opened":false,"disabled":false,"selected":false,"checked":false,"checkbox_disabled":false},"children":null,"li_attr":{"class":""},"a_attr":[]},{"text":"22-100x100.jpg","fullPath":"\/home\/demo2slweb\/public_html\/Divine\/wp-content\/uploads\/2020\/10\/22-100x100.jpg","type":"file","state":{"opened":false,"disabled":false,"selected":false,"checked":false,"checkbox_disabled":false},"children":null,"li_attr":{"class":""},"a_attr":[]},{"text":"22-1024x320.jpg","fullPath":"\/home\/demo2slweb\/public_html\/Divine\/wp-content\/uploads\/2020\/10\/22-1024x320.jpg","type":"file","state":{"opened":false,"disabled":false,"selected":false,"checked":false,"checkbox_disabled":false},"children":null,"li_attr":{"class":""},"a_attr":[]},{"text":"22-150x150.jpg","fullPath":"\/home\/demo2slweb\/public_html\/Divine\/wp-content\/uploads\/2020\/10\/22-150x150.jpg","type":"file","state":{"opened":false,"disabled":false,"selected":false,"checked":false,"checkbox_disabled":false},"children":null,"li_attr":{"class":""},"a_attr":[]},{"text":"22-1536x480.jpg","fullPath":"\/home\/demo2slweb\/public_html\/Divine\/wp-content\/uploads\/2020\/10\/22-1536x480.jpg","type":"file","state":{"opened":false,"disabled":false,"selected":false,"checked":false,"checkbox_disabled":false},"children":null,"li_attr":{"class":""},"a_attr":[]},{"text":"22-300x300.jpg","fullPath":"\/home\/demo2slweb\/public_html\/Divine\/wp-content\/uploads\/2020\/10\/22-300x300.jpg","type":"file","state":{"opened":false,"disabled":false,"selected":false,"checked":false,"checkbox_disabled":false},"children":null,"li_attr":{"class":""},"a_attr":[]},{"text":"22-300x94.jpg","fullPath":"\/home\/demo2slweb\/public_html\/Divine\/wp-content\/uploads\/2020\/10\/22-300x94.jpg","type":"file","state":{"opened":false,"disabled":false,"selected":false,"checked":false,"checkbox_disabled":false},"children":null,"li_attr":{"class":""},"a_attr":[]},{"text":"22-600x188.jpg","fullPath":"\/home\/demo2slweb\/public_html\/Divine\/wp-content\/uploads\/2020\/10\/22-600x188.jpg","type":"file","state":{"opened":false,"disabled":false,"selected":false,"checked":false,"checkbox_disabled":false},"children":null,"li_attr":{"class":""},"a_attr":[]},{"text":"22-600x600.jpg","fullPath":"\/home\/demo2slweb\/public_html\/Divine\/wp-content\/uploads\/2020\/10\/22-600x600.jpg","type":"file","state":{"opened":false,"disabled":false,"selected":false,"checked":false,"checkbox_disabled":false},"children":null,"li_attr":{"class":""},"a_attr":[]},{"text":"22-768x240.jpg","fullPath":"\/home\/demo2slweb\/public_html\/Divine\/wp-content\/uploads\/2020\/10\/22-768x240.jpg","type":"file","state":{"opened":false,"disabled":false,"selected":false,"checked":false,"checkbox_disabled":false},"children":null,"li_attr":{"class":""},"a_attr":[]},{"text":"22.jpg","fullPath":"\/home\/demo2slweb\/public_html\/Divine\/wp-content\/uploads\/2020\/10\/22.jpg","type":"file","state":{"opened":false,"disabled":false,"selected":false,"checked":false,"checkbox_disabled":false},"children":null,"li_attr":{"class":""},"a_attr":[]},{"text":"25-256140_facebook-icon-round-white-png-transparent-png-100x100.jpg","fullPath":"\/home\/demo2slweb\/public_html\/Divine\/wp-content\/uploads\/2020\/10\/25-256140_facebook-icon-round-white-png-transparent-png-100x100.jpg","type":"file","state":{"opened":false,"disabled":false,"selected":false,"checked":false,"checkbox_disabled":false},"children":null,"li_attr":{"class":""},"a_attr":[]},{"text":"25-256140_facebook-icon-round-white-png-transparent-png-150x150.jpg","fullPath":"\/home\/demo2slweb\/public_html\/Divine\/wp-content\/uploads\/2020\/10\/25-256140_facebook-icon-round-white-png-transparent-png-150x150.jpg","type":"file","state":{"opened":false,"disabled":false,"selected":false,"checked":false,"checkbox_disabled":false},"children":null,"li_attr":{"class":""},"a_attr":[]},{"text":"25-256140_facebook-icon-round-white-png-transparent-png-24x24.jpg","fullPath":"\/home\/demo2slweb\/public_html\/Divine\/wp-content\/uploads\/2020\/10\/25-256140_facebook-icon-round-white-png-transparent-png-24x24.jpg","type":"file","state":{"opened":false,"disabled":false,"selected":false,"checked":false,"checkbox_disabled":false},"children":null,"li_attr":{"class":""},"a_attr":[]},{"text":"25-256140_facebook-icon-round-white-png-transparent-png-36x36.jpg","fullPath":"\/home\/demo2slweb\/public_html\/Divine\/wp-content\/uploads\/2020\/10\/25-256140_facebook-icon-round-white-png-transparent-png-36x36.jpg","type":"file","state":{"opened":false,"disabled":false,"selected":false,"checked":false,"checkbox_disabled":false},"children":null,"li_attr":{"class":""},"a_attr":[]},{"text":"25-256140_facebook-icon-round-white-png-transparent-png-48x48.jpg","fullPath":"\/home\/demo2slweb\/public_html\/Divine\/wp-content\/uploads\/2020\/10\/25-256140_facebook-icon-round-white-png-transparent-png-48x48.jpg","type":"file","state":{"opened":false,"disabled":false,"selected":false,"checked":false,"checkbox_disabled":false},"children":null,"li_attr":{"class":""},"a_attr":[]},{"text":"25-256140_facebook-icon-round-white-png-transparent-png.jpg","fullPath":"\/home\/demo2slweb\/public_html\/Divine\/wp-content\/uploads\/2020\/10\/25-256140_facebook-icon-round-white-png-transparent-png.jpg","type":"file","state":{"opened":false,"disabled":false,"selected":false,"checked":false,"checkbox_disabled":false},"children":null,"li_attr":{"class":""},"a_attr":[]},{"text":"3-100x100.png","fullPath":"\/home\/demo2slweb\/public_html\/Divine\/wp-content\/uploads\/2020\/10\/3-100x100.png","type":"file","state":{"opened":false,"disabled":false,"selected":false,"checked":false,"checkbox_disabled":false},"children":null,"li_attr":{"class":""},"a_attr":[]},{"text":"3-150x150.png","fullPath":"\/home\/demo2slweb\/public_html\/Divine\/wp-content\/uploads\/2020\/10\/3-150x150.png","type":"file","state":{"opened":false,"disabled":false,"selected":false,"checked":false,"checkbox_disabled":false},"children":null,"li_attr":{"class":""},"a_attr":[]},{"text":"3-3-100x50.png","fullPath":"\/home\/demo2slweb\/public_html\/Divine\/wp-content\/uploads\/2020\/10\/3-3-100x50.png","type":"file","state":{"opened":false,"disabled":false,"selected":false,"checked":false,"checkbox_disabled":false},"children":null,"li_attr":{"class":""},"a_attr":[]},{"text":"3-3-150x50.png","fullPath":"\/home\/demo2slweb\/public_html\/Divine\/wp-content\/uploads\/2020\/10\/3-3-150x50.png","type":"file","state":{"opened":false,"disabled":false,"selected":false,"checked":false,"checkbox_disabled":false},"children":null,"li_attr":{"class":""},"a_attr":[]},{"text":"3-3.png","fullPath":"\/home\/demo2slweb\/public_html\/Divine\/wp-content\/uploads\/2020\/10\/3-3.png","type":"file","state":{"opened":false,"disabled":false,"selected":false,"checked":false,"checkbox_disabled":false},"children":null,"li_attr":{"class":""},"a_attr":[]},{"text":"3-300x300.png","fullPath":"\/home\/demo2slweb\/public_html\/Divine\/wp-content\/uploads\/2020\/10\/3-300x300.png","type":"file","state":{"opened":false,"disabled":false,"selected":false,"checked":false,"checkbox_disabled":false},"children":null,"li_attr":{"class":""},"a_attr":[]},{"text":"3.png","fullPath":"\/home\/demo2slweb\/public_html\/Divine\/wp-content\/uploads\/2020\/10\/3.png","type":"file","state":{"opened":false,"disabled":false,"selected":false,"checked":false,"checkbox_disabled":false},"children":null,"li_attr":{"class":""},"a_attr":[]},{"text":"4-100x100.png","fullPath":"\/home\/demo2slweb\/public_html\/Divine\/wp-content\/uploads\/2020\/10\/4-100x100.png","type":"file","state":{"opened":false,"disabled":false,"selected":false,"checked":false,"checkbox_disabled":false},"children":null,"li_attr":{"class":""},"a_attr":[]},{"text":"4-150x150.png","fullPath":"\/home\/demo2slweb\/public_html\/Divine\/wp-content\/uploads\/2020\/10\/4-150x150.png","type":"file","state":{"opened":false,"disabled":false,"selected":false,"checked":false,"checkbox_disabled":false},"children":null,"li_attr":{"class":""},"a_attr":[]},{"text":"4-300x300.png","fullPath":"\/home\/demo2slweb\/public_html\/Divine\/wp-content\/uploads\/2020\/10\/4-300x300.png","type":"file","state":{"opened":false,"disabled":false,"selected":false,"checked":false,"checkbox_disabled":false},"children":null,"li_attr":{"class":""},"a_attr":[]},{"text":"4.4-100x100.png","fullPath":"\/home\/demo2slweb\/public_html\/Divine\/wp-content\/uploads\/2020\/10\/4.4-100x100.png","type":"file","state":{"opened":false,"disabled":false,"selected":false,"checked":false,"checkbox_disabled":false},"children":null,"li_attr":{"class":""},"a_attr":[]},{"text":"4.4-150x150.png","fullPath":"\/home\/demo2slweb\/public_html\/Divine\/wp-content\/uploads\/2020\/10\/4.4-150x150.png","type":"file","state":{"opened":false,"disabled":false,"selected":false,"checked":false,"checkbox_disabled":false},"children":null,"li_attr":{"class":""},"a_attr":[]}],"li_attr":{"class":""},"a_attr":[]}],"li_attr":{"class":""},"a_attr":[]},{"text":"elementor","fullPath":"\/home\/demo2slweb\/public_html\/Divine\/wp-content\/uploads\/elementor","type":"folder","state":{"opened":false,"disabled":false,"selected":false,"checked":false,"checkbox_disabled":false},"children":true,"li_attr":{"class":""},"a_attr":[]},{"text":"js_composer","fullPath":"\/home\/demo2slweb\/public_html\/Divine\/wp-content\/uploads\/js_composer","type":"folder","state":{"opened":false,"disabled":false,"selected":false,"checked":false,"checkbox_disabled":false},"children":true,"li_attr":{"class":""},"a_attr":[]},{"text":"revslider","fullPath":"\/home\/demo2slweb\/public_html\/Divine\/wp-content\/uploads\/revslider","type":"folder","state":{"opened":false,"disabled":false,"selected":false,"checked":false,"checkbox_disabled":false},"children":true,"li_attr":{"class":""},"a_attr":[]},{"text":"wc-logs","fullPath":"\/home\/demo2slweb\/public_html\/Divine\/wp-content\/uploads\/wc-logs","type":"folder","state":{"opened":false,"disabled":false,"selected":false,"checked":false,"checkbox_disabled":false},"children":true,"li_attr":{"class":""},"a_attr":[]},{"text":"woocommerce_uploads","fullPath":"\/home\/demo2slweb\/public_html\/Divine\/wp-content\/uploads\/woocommerce_uploads","type":"folder","state":{"opened":false,"disabled":false,"selected":false,"checked":false,"checkbox_disabled":false},"children":true,"li_attr":{"class":""},"a_attr":[]},{"text":"mc4wp-debug-log.php","fullPath":"\/home\/demo2slweb\/public_html\/Divine\/wp-content\/uploads\/mc4wp-debug-log.php","type":"file","state":{"opened":false,"disabled":false,"selected":false,"checked":false,"checkbox_disabled":false},"children":null,"li_attr":{"class":""},"a_attr":[]},{"text":"woocommerce-placeholder-100x100.png","fullPath":"\/home\/demo2slweb\/public_html\/Divine\/wp-content\/uploads\/woocommerce-placeholder-100x100.png","type":"file","state":{"opened":false,"disabled":false,"selected":false,"checked":false,"checkbox_disabled":false},"children":null,"li_attr":{"class":""},"a_attr":[]},{"text":"woocommerce-placeholder-1024x1024.png","fullPath":"\/home\/demo2slweb\/public_html\/Divine\/wp-content\/uploads\/woocommerce-placeholder-1024x1024.png","type":"file","state":{"opened":false,"disabled":false,"selected":false,"checked":false,"checkbox_disabled":false},"children":null,"li_attr":{"class":""},"a_attr":[]},{"text":"woocommerce-placeholder-150x150.png","fullPath":"\/home\/demo2slweb\/public_html\/Divine\/wp-content\/uploads\/woocommerce-placeholder-150x150.png","type":"file","state":{"opened":false,"disabled":false,"selected":false,"checked":false,"checkbox_disabled":false},"children":null,"li_attr":{"class":""},"a_attr":[]},{"text":"woocommerce-placeholder-300x300.png","fullPath":"\/home\/demo2slweb\/public_html\/Divine\/wp-content\/uploads\/woocommerce-placeholder-300x300.png","type":"file","state":{"opened":false,"disabled":false,"selected":false,"checked":false,"checkbox_disabled":false},"children":null,"li_attr":{"class":""},"a_attr":[]},{"text":"woocommerce-placeholder-600x600.png","fullPath":"\/home\/demo2slweb\/public_html\/Divine\/wp-content\/uploads\/woocommerce-placeholder-600x600.png","type":"file","state":{"opened":false,"disabled":false,"selected":false,"checked":false,"checkbox_disabled":false},"children":null,"li_attr":{"class":""},"a_attr":[]},{"text":"woocommerce-placeholder-768x768.png","fullPath":"\/home\/demo2slweb\/public_html\/Divine\/wp-content\/uploads\/woocommerce-placeholder-768x768.png","type":"file","state":{"opened":false,"disabled":false,"selected":false,"checked":false,"checkbox_disabled":false},"children":null,"li_attr":{"class":""},"a_attr":[]},{"text":"woocommerce-placeholder.png","fullPath":"\/home\/demo2slweb\/public_html\/Divine\/wp-content\/uploads\/woocommerce-placeholder.png","type":"file","state":{"opened":false,"disabled":false,"selected":false,"checked":false,"checkbox_disabled":false},"children":null,"li_attr":{"class":""},"a_attr":[]}],"li_attr":{"class":""},"a_attr":[]},{"text":"index.php","fullPath":"\/home\/demo2slweb\/public_html\/Divine\/wp-content\/index.php","type":"file","state":{"opened":false,"disabled":false,"selected":false,"checked":false,"checkbox_disabled":false},"children":null,"li_attr":{"class":""},"a_attr":[]}],"li_attr":{"class":" core-node"},"a_attr":{"title":"Core WordPress directories should not be filtered. Use caution when excluding files."}},{"text":"wp-includes","fullPath":"\/home\/demo2slweb\/public_html\/Divine\/wp-includes","type":"folder","state":{"opened":false,"disabled":false,"selected":false,"checked":false,"checkbox_disabled":false},"children":true,"li_attr":{"class":" core-node"},"a_attr":{"title":"Core WordPress directories should not be filtered. Use caution when excluding files."}},{"text":".htaccess","fullPath":"\/home\/demo2slweb\/public_html\/Divine\/.htaccess","type":"file","state":{"opened":false,"disabled":false,"selected":false,"checked":false,"checkbox_disabled":true},"children":null,"li_attr":{"class":" filtered-node"},"a_attr":{"title":"This file is filtered."}},{"text":"error_log","fullPath":"\/home\/demo2slweb\/public_html\/Divine\/error_log","type":"file","state":{"opened":false,"disabled":false,"selected":false,"checked":false,"checkbox_disabled":false},"children":null,"li_attr":{"class":""},"a_attr":[]},{"text":"index.php","fullPath":"\/home\/demo2slweb\/public_html\/Divine\/index.php","type":"file","state":{"opened":false,"disabled":false,"selected":false,"checked":false,"checkbox_disabled":false},"children":null,"li_attr":{"class":""},"a_attr":[]},{"text":"license.txt","fullPath":"\/home\/demo2slweb\/public_html\/Divine\/license.txt","type":"file","state":{"opened":false,"disabled":false,"selected":false,"checked":false,"checkbox_disabled":false},"children":null,"li_attr":{"class":""},"a_attr":[]},{"text":"readme.html","fullPath":"\/home\/demo2slweb\/public_html\/Divine\/readme.html","type":"file","state":{"opened":false,"disabled":false,"selected":false,"checked":false,"checkbox_disabled":false},"children":null,"li_attr":{"class":""},"a_attr":[]},{"text":"wp-activate.php","fullPath":"\/home\/demo2slweb\/public_html\/Divine\/wp-activate.php","type":"file","state":{"opened":false,"disabled":false,"selected":false,"checked":false,"checkbox_disabled":false},"children":null,"li_attr":{"class":""},"a_attr":[]},{"text":"wp-blog-header.php","fullPath":"\/home\/demo2slweb\/public_html\/Divine\/wp-blog-header.php","type":"file","state":{"opened":false,"disabled":false,"selected":false,"checked":false,"checkbox_disabled":false},"children":null,"li_attr":{"class":""},"a_attr":[]},{"text":"wp-comments-post.php","fullPath":"\/home\/demo2slweb\/public_html\/Divine\/wp-comments-post.php","type":"file","state":{"opened":false,"disabled":false,"selected":false,"checked":false,"checkbox_disabled":false},"children":null,"li_attr":{"class":""},"a_attr":[]},{"text":"wp-config.php","fullPath":"\/home\/demo2slweb\/public_html\/Divine\/wp-config.php","type":"file","state":{"opened":false,"disabled":false,"selected":false,"checked":false,"checkbox_disabled":true},"children":null,"li_attr":{"class":" filtered-node"},"a_attr":{"title":"This file is filtered."}},{"text":"wp-cron.php","fullPath":"\/home\/demo2slweb\/public_html\/Divine\/wp-cron.php","type":"file","state":{"opened":false,"disabled":false,"selected":false,"checked":false,"checkbox_disabled":false},"children":null,"li_attr":{"class":""},"a_attr":[]},{"text":"wp-links-opml.php","fullPath":"\/home\/demo2slweb\/public_html\/Divine\/wp-links-opml.php","type":"file","state":{"opened":false,"disabled":false,"selected":false,"checked":false,"checkbox_disabled":false},"children":null,"li_attr":{"class":""},"a_attr":[]},{"text":"wp-load.php","fullPath":"\/home\/demo2slweb\/public_html\/Divine\/wp-load.php","type":"file","state":{"opened":false,"disabled":false,"selected":false,"checked":false,"checkbox_disabled":false},"children":null,"li_attr":{"class":""},"a_attr":[]},{"text":"wp-login.php","fullPath":"\/home\/demo2slweb\/public_html\/Divine\/wp-login.php","type":"file","state":{"opened":false,"disabled":false,"selected":false,"checked":false,"checkbox_disabled":false},"children":null,"li_attr":{"class":""},"a_attr":[]},{"text":"wp-mail.php","fullPath":"\/home\/demo2slweb\/public_html\/Divine\/wp-mail.php","type":"file","state":{"opened":false,"disabled":false,"selected":false,"checked":false,"checkbox_disabled":false},"children":null,"li_attr":{"class":""},"a_attr":[]},{"text":"wp-settings.php","fullPath":"\/home\/demo2slweb\/public_html\/Divine\/wp-settings.php","type":"file","state":{"opened":false,"disabled":false,"selected":false,"checked":false,"checkbox_disabled":false},"children":null,"li_attr":{"class":""},"a_attr":[]},{"text":"wp-signup.php","fullPath":"\/home\/demo2slweb\/public_html\/Divine\/wp-signup.php","type":"file","state":{"opened":false,"disabled":false,"selected":false,"checked":false,"checkbox_disabled":false},"children":null,"li_attr":{"class":""},"a_attr":[]},{"text":"wp-trackback.php","fullPath":"\/home\/demo2slweb\/public_html\/Divine\/wp-trackback.php","type":"file","state":{"opened":false,"disabled":false,"selected":false,"checked":false,"checkbox_disabled":false},"children":null,"li_attr":{"class":""},"a_attr":[]},{"text":"xmlrpc.php","fullPath":"\/home\/demo2slweb\/public_html\/Divine\/xmlrpc.php","type":"file","state":{"opened":false,"disabled":false,"selected":false,"checked":false,"checkbox_disabled":false},"children":null,"li_attr":{"class":""},"a_attr":[]}],"li_attr":{"class":" root-node core-node"},"a_attr":{"title":"Core WordPress directories should not be filtered. Use caution when excluding files."}},"TreeWarning":{"text":"\/home\/demo2slweb\/public_html\/Divine","fullPath":"\/home\/demo2slweb\/public_html\/Divine","type":"folder","state":{"opened":true,"disabled":false,"selected":false,"checked":false,"checkbox_disabled":false},"children":[{"text":"wp-admin","fullPath":"\/home\/demo2slweb\/public_html\/Divine\/wp-admin","type":"folder","state":{"opened":false,"disabled":false,"selected":false,"checked":false,"checkbox_disabled":false},"children":true,"li_attr":{"class":" core-node"},"a_attr":{"title":"Core WordPress directories should not be filtered. Use caution when excluding files."}},{"text":"wp-content","fullPath":"\/home\/demo2slweb\/public_html\/Divine\/wp-content","type":"folder","state":{"opened":false,"disabled":false,"selected":false,"checked":false,"checkbox_disabled":false},"children":true,"li_attr":{"class":" core-node"},"a_attr":{"title":"Core WordPress directories should not be filtered. Use caution when excluding files."}},{"text":"wp-includes","fullPath":"\/home\/demo2slweb\/public_html\/Divine\/wp-includes","type":"folder","state":{"opened":false,"disabled":false,"selected":false,"checked":false,"checkbox_disabled":false},"children":true,"li_attr":{"class":" core-node"},"a_attr":{"title":"Core WordPress directories should not be filtered. Use caution when excluding files."}},{"text":".htaccess","fullPath":"\/home\/demo2slweb\/public_html\/Divine\/.htaccess","type":"file","state":{"opened":false,"disabled":false,"selected":false,"checked":false,"checkbox_disabled":true},"children":null,"li_attr":{"class":" filtered-node"},"a_attr":{"title":"This file is filtered."}},{"text":"error_log","fullPath":"\/home\/demo2slweb\/public_html\/Divine\/error_log","type":"file","state":{"opened":false,"disabled":false,"selected":false,"checked":false,"checkbox_disabled":false},"children":null,"li_attr":{"class":""},"a_attr":[]},{"text":"index.php","fullPath":"\/home\/demo2slweb\/public_html\/Divine\/index.php","type":"file","state":{"opened":false,"disabled":false,"selected":false,"checked":false,"checkbox_disabled":false},"children":null,"li_attr":{"class":""},"a_attr":[]},{"text":"license.txt","fullPath":"\/home\/demo2slweb\/public_html\/Divine\/license.txt","type":"file","state":{"opened":false,"disabled":false,"selected":false,"checked":false,"checkbox_disabled":false},"children":null,"li_attr":{"class":""},"a_attr":[]},{"text":"readme.html","fullPath":"\/home\/demo2slweb\/public_html\/Divine\/readme.html","type":"file","state":{"opened":false,"disabled":false,"selected":false,"checked":false,"checkbox_disabled":false},"children":null,"li_attr":{"class":""},"a_attr":[]},{"text":"wp-activate.php","fullPath":"\/home\/demo2slweb\/public_html\/Divine\/wp-activate.php","type":"file","state":{"opened":false,"disabled":false,"selected":false,"checked":false,"checkbox_disabled":false},"children":null,"li_attr":{"class":""},"a_attr":[]},{"text":"wp-blog-header.php","fullPath":"\/home\/demo2slweb\/public_html\/Divine\/wp-blog-header.php","type":"file","state":{"opened":false,"disabled":false,"selected":false,"checked":false,"checkbox_disabled":false},"children":null,"li_attr":{"class":""},"a_attr":[]},{"text":"wp-comments-post.php","fullPath":"\/home\/demo2slweb\/public_html\/Divine\/wp-comments-post.php","type":"file","state":{"opened":false,"disabled":false,"selected":false,"checked":false,"checkbox_disabled":false},"children":null,"li_attr":{"class":""},"a_attr":[]},{"text":"wp-config.php","fullPath":"\/home\/demo2slweb\/public_html\/Divine\/wp-config.php","type":"file","state":{"opened":false,"disabled":false,"selected":false,"checked":false,"checkbox_disabled":true},"children":null,"li_attr":{"class":" filtered-node"},"a_attr":{"title":"This file is filtered."}},{"text":"wp-cron.php","fullPath":"\/home\/demo2slweb\/public_html\/Divine\/wp-cron.php","type":"file","state":{"opened":false,"disabled":false,"selected":false,"checked":false,"checkbox_disabled":false},"children":null,"li_attr":{"class":""},"a_attr":[]},{"text":"wp-links-opml.php","fullPath":"\/home\/demo2slweb\/public_html\/Divine\/wp-links-opml.php","type":"file","state":{"opened":false,"disabled":false,"selected":false,"checked":false,"checkbox_disabled":false},"children":null,"li_attr":{"class":""},"a_attr":[]},{"text":"wp-load.php","fullPath":"\/home\/demo2slweb\/public_html\/Divine\/wp-load.php","type":"file","state":{"opened":false,"disabled":false,"selected":false,"checked":false,"checkbox_disabled":false},"children":null,"li_attr":{"class":""},"a_attr":[]},{"text":"wp-login.php","fullPath":"\/home\/demo2slweb\/public_html\/Divine\/wp-login.php","type":"file","state":{"opened":false,"disabled":false,"selected":false,"checked":false,"checkbox_disabled":false},"children":null,"li_attr":{"class":""},"a_attr":[]},{"text":"wp-mail.php","fullPath":"\/home\/demo2slweb\/public_html\/Divine\/wp-mail.php","type":"file","state":{"opened":false,"disabled":false,"selected":false,"checked":false,"checkbox_disabled":false},"children":null,"li_attr":{"class":""},"a_attr":[]},{"text":"wp-settings.php","fullPath":"\/home\/demo2slweb\/public_html\/Divine\/wp-settings.php","type":"file","state":{"opened":false,"disabled":false,"selected":false,"checked":false,"checkbox_disabled":false},"children":null,"li_attr":{"class":""},"a_attr":[]},{"text":"wp-signup.php","fullPath":"\/home\/demo2slweb\/public_html\/Divine\/wp-signup.php","type":"file","state":{"opened":false,"disabled":false,"selected":false,"checked":false,"checkbox_disabled":false},"children":null,"li_attr":{"class":""},"a_attr":[]},{"text":"wp-trackback.php","fullPath":"\/home\/demo2slweb\/public_html\/Divine\/wp-trackback.php","type":"file","state":{"opened":false,"disabled":false,"selected":false,"checked":false,"checkbox_disabled":false},"children":null,"li_attr":{"class":""},"a_attr":[]},{"text":"xmlrpc.php","fullPath":"\/home\/demo2slweb\/public_html\/Divine\/xmlrpc.php","type":"file","state":{"opened":false,"disabled":false,"selected":false,"checked":false,"checkbox_disabled":false},"children":null,"li_attr":{"class":""},"a_attr":[]}],"li_attr":{"class":" root-node core-node"},"a_attr":{"title":"Core WordPress directories should not be filtered. Use caution when excluding files."}}},"Status":{"Size":"Warn","Names":"Good","Big":"Warn","AddonSites":"Good","UnreadableItems":"Good"},"RecursiveLinks":[],"UnreadableItems":[]},"DB":{"Status":{"Success":true,"Size":"Good","Rows":"Good"},"Size":"17.04MB","Rows":"22,444","TableCount":65,"TableList":{"wp_actionscheduler_actions":{"Case":0,"Rows":"29","Size":"30.39KB","USize":31116},"wp_actionscheduler_claims":{"Case":0,"Rows":"0","Size":"3.01KB","USize":3086},"wp_actionscheduler_groups":{"Case":0,"Rows":"2","Size":"9.07KB","USize":9284},"wp_actionscheduler_logs":{"Case":0,"Rows":"87","Size":"22.06KB","USize":22588},"wp_aiowps_events":{"Case":0,"Rows":"0","Size":"1KB","USize":1024},"wp_aiowps_failed_logins":{"Case":0,"Rows":"24","Size":"3.13KB","USize":3204},"wp_aiowps_global_meta":{"Case":0,"Rows":"0","Size":"1KB","USize":1024},"wp_aiowps_login_activity":{"Case":0,"Rows":"77","Size":"8.19KB","USize":8384},"wp_aiowps_login_lockdown":{"Case":0,"Rows":"0","Size":"1KB","USize":1024},"wp_aiowps_permanent_block":{"Case":0,"Rows":"0","Size":"1KB","USize":1024},"wp_commentmeta":{"Case":0,"Rows":"10","Size":"10.64KB","USize":10892},"wp_comments":{"Case":0,"Rows":"18","Size":"12.44KB","USize":12736},"wp_duplicator_pro_entities":{"Case":0,"Rows":"5","Size":"8.75KB","USize":8964},"wp_duplicator_pro_packages":{"Case":0,"Rows":"0","Size":"1KB","USize":1024},"wp_links":{"Case":0,"Rows":"0","Size":"1KB","USize":1024},"wp_options":{"Case":0,"Rows":"1,145","Size":"2.64MB","USize":2771660},"wp_postmeta":{"Case":0,"Rows":"17,114","Size":"5.09MB","USize":5338068},"wp_posts":{"Case":0,"Rows":"1,777","Size":"5.11MB","USize":5363432},"wp_revslider_css":{"Case":0,"Rows":"109","Size":"93KB","USize":95228},"wp_revslider_css_bkp":{"Case":0,"Rows":"47","Size":"15.62KB","USize":15992},"wp_revslider_layer_animations":{"Case":0,"Rows":"0","Size":"1KB","USize":1024},"wp_revslider_layer_animations_bkp":{"Case":0,"Rows":"0","Size":"1KB","USize":1024},"wp_revslider_navigations":{"Case":0,"Rows":"3","Size":"5.91KB","USize":6048},"wp_revslider_navigations_bkp":{"Case":0,"Rows":"0","Size":"1KB","USize":1024},"wp_revslider_sliders":{"Case":0,"Rows":"42","Size":"331.57KB","USize":339524},"wp_revslider_sliders_bkp":{"Case":0,"Rows":"0","Size":"1KB","USize":1024},"wp_revslider_slides":{"Case":0,"Rows":"102","Size":"3.28MB","USize":3434244},"wp_revslider_slides_bkp":{"Case":0,"Rows":"0","Size":"1KB","USize":1024},"wp_revslider_static_slides":{"Case":0,"Rows":"32","Size":"14.3KB","USize":14640},"wp_revslider_static_slides_bkp":{"Case":0,"Rows":"0","Size":"1KB","USize":1024},"wp_term_relationships":{"Case":0,"Rows":"556","Size":"39.4KB","USize":40348},"wp_term_taxonomy":{"Case":0,"Rows":"74","Size":"11.59KB","USize":11864},"wp_termmeta":{"Case":0,"Rows":"253","Size":"32.42KB","USize":33200},"wp_terms":{"Case":0,"Rows":"74","Size":"17.85KB","USize":18280},"wp_usermeta":{"Case":0,"Rows":"223","Size":"36.18KB","USize":37044},"wp_users":{"Case":0,"Rows":"8","Size":"8.94KB","USize":9152},"wp_wc_admin_note_actions":{"Case":0,"Rows":"14","Size":"4.81KB","USize":4928},"wp_wc_admin_notes":{"Case":0,"Rows":"13","Size":"6KB","USize":6144},"wp_wc_category_lookup":{"Case":0,"Rows":"1","Size":"2.02KB","USize":2065},"wp_wc_customer_lookup":{"Case":0,"Rows":"5","Size":"6.44KB","USize":6596},"wp_wc_download_log":{"Case":0,"Rows":"0","Size":"1KB","USize":1024},"wp_wc_order_coupon_lookup":{"Case":0,"Rows":"0","Size":"1KB","USize":1024},"wp_wc_order_product_lookup":{"Case":0,"Rows":"16","Size":"7.82KB","USize":8006},"wp_wc_order_stats":{"Case":0,"Rows":"14","Size":"12.28KB","USize":12576},"wp_wc_order_tax_lookup":{"Case":0,"Rows":"0","Size":"1KB","USize":1024},"wp_wc_product_meta_lookup":{"Case":0,"Rows":"278","Size":"52.19KB","USize":53444},"wp_wc_reserved_stock":{"Case":0,"Rows":"0","Size":"1KB","USize":1024},"wp_wc_tax_rate_classes":{"Case":0,"Rows":"2","Size":"9.07KB","USize":9288},"wp_wc_webhooks":{"Case":0,"Rows":"0","Size":"1KB","USize":1024},"wp_woocommerce_api_keys":{"Case":0,"Rows":"0","Size":"2KB","USize":2048},"wp_woocommerce_attribute_taxonomies":{"Case":0,"Rows":"2","Size":"3.11KB","USize":3188},"wp_woocommerce_downloadable_product_permissions":{"Case":0,"Rows":"0","Size":"1KB","USize":1024},"wp_woocommerce_log":{"Case":0,"Rows":"0","Size":"1KB","USize":1024},"wp_woocommerce_order_itemmeta":{"Case":0,"Rows":"232","Size":"31.03KB","USize":31776},"wp_woocommerce_order_items":{"Case":0,"Rows":"30","Size":"4.65KB","USize":4764},"wp_woocommerce_payment_tokenmeta":{"Case":0,"Rows":"0","Size":"1KB","USize":1024},"wp_woocommerce_payment_tokens":{"Case":0,"Rows":"0","Size":"1KB","USize":1024},"wp_woocommerce_sessions":{"Case":0,"Rows":"9","Size":"35.73KB","USize":36584},"wp_woocommerce_shipping_zone_locations":{"Case":0,"Rows":"1","Size":"4.03KB","USize":4128},"wp_woocommerce_shipping_zone_methods":{"Case":0,"Rows":"5","Size":"2.21KB","USize":2264},"wp_woocommerce_shipping_zones":{"Case":0,"Rows":"2","Size":"2.05KB","USize":2096},"wp_woocommerce_tax_rate_locations":{"Case":0,"Rows":"0","Size":"1KB","USize":1024},"wp_woocommerce_tax_rates":{"Case":0,"Rows":"0","Size":"1KB","USize":1024},"wp_woodmart_wishlist_products":{"Case":0,"Rows":"1","Size":"9.02KB","USize":9240},"wp_woodmart_wishlists":{"Case":0,"Rows":"8","Size":"2.1KB","USize":2152}}},"Status":1}